<metadata xml:lang="en"><Esri><CreaDate>20171211</CreaDate><CreaTime>13531800</CreaTime><SyncOnce>FALSE</SyncOnce><SyncDate>20240605</SyncDate><SyncTime>09554000</SyncTime><ModDate>20240605</ModDate><ModTime>09554000</ModTime><ArcGISFormat>1.0</ArcGISFormat><DataProperties><itemProps><itemName Sync="TRUE">ELECTORAL_DISTRICT</itemName><imsContentType Sync="TRUE">002</imsContentType><itemLocation><linkage Sync="TRUE">file://\\W11-68727-ML\C$\Users\KerdasiR\OneDrive - electionson\Docs\General\ArcGIS Pro\Working File\Electoral District Shapefile - 2022 General Election\ELECTORAL_DISTRICT.shp</linkage><protocol Sync="TRUE">Local Area Network</protocol></itemLocation><itemSize Sync="TRUE">0.000</itemSize></itemProps><coordRef><type Sync="TRUE">Projected</type><geogcsn Sync="TRUE">GCS_North_American_1983</geogcsn><csUnits Sync="TRUE">Linear Unit: Meter (1.000000)</csUnits><projcsn Sync="TRUE">EO_Lambert_Conformal_Conic</projcsn><peXml Sync="TRUE">&lt;ProjectedCoordinateSystem xsi:type='typens:ProjectedCoordinateSystem' xmlns:xsi='http://www.w3.org/2001/XMLSchema-instance' xmlns:xs='http://www.w3.org/2001/XMLSchema' xmlns:typens='http://www.esri.com/schemas/ArcGIS/3.2.0'&gt;&lt;WKT&gt;PROJCS[&amp;quot;EO_Lambert_Conformal_Conic&amp;quot;,GEOGCS[&amp;quot;GCS_North_American_1983&amp;quot;,DATUM[&amp;quot;D_North_American_1983&amp;quot;,SPHEROID[&amp;quot;GRS_1980&amp;quot;,6378137.0,298.257222101]],PRIMEM[&amp;quot;Greenwich&amp;quot;,0.0],UNIT[&amp;quot;Degree&amp;quot;,0.0174532925199433]],PROJECTION[&amp;quot;Lambert_Conformal_Conic&amp;quot;],PARAMETER[&amp;quot;False_Easting&amp;quot;,1000000.0],PARAMETER[&amp;quot;False_Northing&amp;quot;,0.0],PARAMETER[&amp;quot;Central_Meridian&amp;quot;,-84.0],PARAMETER[&amp;quot;Standard_Parallel_1&amp;quot;,44.5],PARAMETER[&amp;quot;Standard_Parallel_2&amp;quot;,54.5],PARAMETER[&amp;quot;Latitude_Of_Origin&amp;quot;,0.0],UNIT[&amp;quot;Meter&amp;quot;,1.0]]&lt;/WKT&gt;&lt;XOrigin&gt;-34997900&lt;/XOrigin&gt;&lt;YOrigin&gt;-24440300&lt;/YOrigin&gt;&lt;XYScale&gt;125107287.57428892&lt;/XYScale&gt;&lt;ZOrigin&gt;-100000&lt;/ZOrigin&gt;&lt;ZScale&gt;10000&lt;/ZScale&gt;&lt;MOrigin&gt;-100000&lt;/MOrigin&gt;&lt;MScale&gt;10000&lt;/MScale&gt;&lt;XYTolerance&gt;0.001&lt;/XYTolerance&gt;&lt;ZTolerance&gt;0.001&lt;/ZTolerance&gt;&lt;MTolerance&gt;0.001&lt;/MTolerance&gt;&lt;HighPrecision&gt;true&lt;/HighPrecision&gt;&lt;/ProjectedCoordinateSystem&gt;</peXml></coordRef><lineage><Process ToolSource="c:\program files\arcgis\pro\Resources\ArcToolbox\toolboxes\Data Management Tools.tbx\Merge" Date="20240605" Time="095226">Merge ELECTORAL_DISTRICT;ED100_84final "C:\Users\KerdasiR\OneDrive - electionson\Docs\General\ArcGIS Pro\Working File\Working File_website shapefiles\Default.gdb\ELECTORAL_DISTRICT_Merge" "ED_ID "ED_ID" true true false 10 Long 0 10,First,#,ELECTORAL_DISTRICT,ED_ID,-1,-1,ED100_84final,ed_id,-1,-1;ENGLISH_NA "ENGLISH_NA" true true false 64 Text 0 0,First,#,ELECTORAL_DISTRICT,ENGLISH_NA,0,63,ED100_84final,english_na,0,63;FRENCH_NAM "FRENCH_NAM" true true false 64 Text 0 0,First,#,ELECTORAL_DISTRICT,FRENCH_NAM,0,63,ED100_84final,french_nam,0,63;SHAPE_area "SHAPE_area" true true false 19 Double 0 0,First,#,ELECTORAL_DISTRICT,SHAPE_area,-1,-1;SHAPE_len "SHAPE_len" true true false 19 Double 0 0,First,#,ELECTORAL_DISTRICT,SHAPE_len,-1,-1;STArea___L "STArea___L" true true false 19 Double 0 0,First,#,ED100_84final,STArea___L,-1,-1;STLength__ "STLength__" true true false 19 Double 0 0,First,#,ED100_84final,STLength__,-1,-1" NO_SOURCE_INFO</Process><Process ToolSource="c:\program files\arcgis\pro\Resources\ArcToolbox\toolboxes\Data Management Tools.tbx\DeleteField" Date="20240605" Time="095307">DeleteField ELECTORAL_DISTRICT_Merge STArea___L;STLength__ "Delete Fields"</Process><Process ToolSource="c:\program files\arcgis\pro\Resources\ArcToolbox\toolboxes\Conversion Tools.tbx\ExportFeatures" Date="20240605" Time="095540">ExportFeatures ELECTORAL_DISTRICT_Merge "C:\Users\KerdasiR\OneDrive - electionson\Docs\General\ArcGIS Pro\Working File\Electoral District Shapefile - 2022 General Election\ELECTORAL_DISTRICT.shp" # NOT_USE_ALIAS "ED_ID "ED_ID" true true false 4 Long 0 0,First,#,ELECTORAL_DISTRICT_Merge,ED_ID,-1,-1;ENGLISH_NA "ENGLISH_NA" true true false 64 Text 0 0,First,#,ELECTORAL_DISTRICT_Merge,ENGLISH_NA,0,63;FRENCH_NAM "FRENCH_NAM" true true false 64 Text 0 0,First,#,ELECTORAL_DISTRICT_Merge,FRENCH_NAM,0,63;Shape_Length "Shape_Length" false true true 8 Double 0 0,First,#,ELECTORAL_DISTRICT_Merge,Shape_Length,-1,-1;Shape_Area "Shape_Area" false true true 8 Double 0 0,First,#,ELECTORAL_DISTRICT_Merge,Shape_Area,-1,-1" #</Process></lineage></DataProperties></Esri><idinfo><native Sync="TRUE">Microsoft Windows XP Version 5.1 (Build 2600) Service Pack 3; ESRI ArcCatalog 9.1.0.780</native><descript><langdata Sync="TRUE">en</langdata><abstract>REQUIRED: A brief narrative summary of the data set.</abstract><purpose>REQUIRED: A summary of the intentions with which the data set was developed.</purpose></descript><citation><citeinfo><origin>REQUIRED: The name of an organization or individual that developed the data set.</origin><pubdate>REQUIRED: The date when the data set is published or otherwise made available for release.</pubdate><title Sync="TRUE">ems01.GIS_ADMIN.ELECTORAL_DISTRICT</title><ftname Sync="TRUE">ems01.GIS_ADMIN.ELECTORAL_DISTRICT</ftname><geoform Sync="TRUE">vector digital data</geoform><onlink Sync="TRUE">Server=sqlclusterb; Service=sde:sqlserver:sqlclusterb; Database=ems01; User=\; Version=sde.DEFAULT</onlink></citeinfo></citation><timeperd><current>REQUIRED: The basis on which the time period of content information is determined.</current><timeinfo><sngdate><caldate>REQUIRED: The year (and optionally month, or month and day) for which the data set corresponds to the ground.</caldate></sngdate></timeinfo></timeperd><status><progress>REQUIRED: The state of the data set.</progress><update>REQUIRED: The frequency with which changes and additions are made to the data set after the initial data set is completed.</update></status><spdom><bounding><westbc Sync="TRUE">-97.012350</westbc><eastbc Sync="TRUE">-71.717236</eastbc><northbc Sync="TRUE">56.948941</northbc><southbc Sync="TRUE">41.228312</southbc></bounding><lboundng><leftbc Sync="TRUE">196190.770000</leftbc><rightbc Sync="TRUE">1757905.910000</rightbc><bottombc Sync="TRUE">5259487.117000</bottombc><topbc Sync="TRUE">6955562.232000</topbc></lboundng></spdom><keywords><theme><themekt>REQUIRED: Reference to a formally registered thesaurus or a similar authoritative source of theme keywords.</themekt><themekey>REQUIRED: Common-use word or phrase used to describe the subject of the data set.</themekey></theme></keywords><accconst>REQUIRED: Restrictions and legal prerequisites for accessing the data set.</accconst><useconst>REQUIRED: Restrictions and legal prerequisites for using the data set after access is granted.</useconst><natvform Sync="TRUE">SDE Feature Class</natvform></idinfo><dataIdInfo><envirDesc Sync="TRUE">Microsoft Windows 10 Version 10.0 (Build 22631) ; Esri ArcGIS 13.2.2.49743</envirDesc><dataLang><languageCode Sync="TRUE" value="eng"/><countryCode value="CAN" Sync="TRUE"></countryCode></dataLang><idCitation><resTitle Sync="TRUE">ELECTORAL_DISTRICT</resTitle><presForm><PresFormCd Sync="TRUE" value="005"/></presForm></idCitation><spatRpType><SpatRepTypCd Sync="TRUE" value="001"/></spatRpType><dataExt><geoEle><GeoBndBox esriExtentType="native"><westBL Sync="TRUE">196190.77</westBL><eastBL Sync="TRUE">1757905.91</eastBL><northBL Sync="TRUE">6955562.232</northBL><southBL Sync="TRUE">5259487.117</southBL><exTypeCode Sync="TRUE">1</exTypeCode></GeoBndBox></geoEle></dataExt><geoBox esriExtentType="decdegrees"><westBL Sync="TRUE">-97.01235</westBL><eastBL Sync="TRUE">-71.717236</eastBL><northBL Sync="TRUE">56.948941</northBL><southBL Sync="TRUE">41.228312</southBL><exTypeCode Sync="TRUE">1</exTypeCode></geoBox></dataIdInfo><metainfo><langmeta Sync="TRUE">en</langmeta><metstdn Sync="TRUE">FGDC Content Standards for Digital Geospatial Metadata</metstdn><metstdv Sync="TRUE">FGDC-STD-001-1998</metstdv><mettc Sync="TRUE">local time</mettc><metc><cntinfo><cntorgp><cntper>REQUIRED: The person responsible for the metadata information.</cntper><cntorg>REQUIRED: The organization responsible for the metadata information.</cntorg></cntorgp><cntaddr><addrtype>REQUIRED: The mailing and/or physical address for the organization or individual.</addrtype><city>REQUIRED: The city of the address.</city><state>REQUIRED: The state or province of the address.</state><postal>REQUIRED: The ZIP or other postal code of the address.</postal></cntaddr><cntvoice>REQUIRED: The telephone number by which individuals can speak to the organization or individual.</cntvoice></cntinfo></metc><metd Sync="TRUE">20110817</metd></metainfo><mdLang><languageCode Sync="TRUE" value="eng"/><countryCode value="CAN" Sync="TRUE"></countryCode></mdLang><mdStanName Sync="TRUE">ISO 19115 Geographic Information - Metadata</mdStanName><mdStanVer Sync="TRUE">DIS_ESRI1.0</mdStanVer><mdChar><CharSetCd Sync="TRUE" value="004"/></mdChar><mdHrLv><ScopeCd Sync="TRUE" value="005"/></mdHrLv><mdHrLvName Sync="TRUE">dataset</mdHrLvName><distinfo><resdesc Sync="TRUE">Downloadable Data</resdesc></distinfo><distInfo><distributor><distorTran><onLineSrc><orDesc Sync="TRUE">002</orDesc><linkage Sync="TRUE">Server=sqlclusterb; Service=sde:sqlserver:sqlclusterb; Database=ems01; User=\; Version=sde.DEFAULT</linkage><protocol Sync="TRUE">ArcSDE Connection</protocol></onLineSrc></distorTran><distorFormat><formatName Sync="TRUE">SDE Feature Class</formatName></distorFormat></distributor><distFormat><formatName Sync="TRUE">Shapefile</formatName></distFormat><distTranOps><transSize Sync="TRUE">0.000</transSize></distTranOps></distInfo><spdoinfo><direct Sync="TRUE">Vector</direct><ptvctinf><esriterm Name="ELECTORAL_DISTRICT"><efeatyp Sync="TRUE">Simple</efeatyp><efeageom code="4" Sync="TRUE"></efeageom><esritopo Sync="TRUE">FALSE</esritopo><efeacnt Sync="TRUE">0</efeacnt><spindex Sync="TRUE">FALSE</spindex><linrefer Sync="TRUE">FALSE</linrefer></esriterm></ptvctinf></spdoinfo><spref><horizsys><cordsysn><geogcsn Sync="TRUE">GCS_North_American_1983</geogcsn><projcsn Sync="TRUE">EO_Lambert_Conformal_Conic</projcsn></cordsysn><planar><planci><plance Sync="TRUE">coordinate pair</plance><plandu Sync="TRUE">meters</plandu><coordrep><absres Sync="TRUE">0.001000</absres><ordres Sync="TRUE">0.001000</ordres></coordrep></planci></planar><geodetic><horizdn Sync="TRUE">North American Datum of 1983</horizdn><ellips Sync="TRUE">Geodetic Reference System 80</ellips><semiaxis Sync="TRUE">6378137.000000</semiaxis><denflat Sync="TRUE">298.257222</denflat></geodetic></horizsys><vertdef><altsys><altenc Sync="TRUE">Explicit elevation coordinate included with horizontal coordinates</altenc><altres Sync="TRUE">1.000000</altres></altsys></vertdef></spref><refSysInfo><RefSystem><refSysID><identCode Sync="TRUE" code="0">EO_Lambert_Conformal_Conic</identCode></refSysID></RefSystem></refSysInfo><spatRepInfo><VectSpatRep><geometObjs Name="ELECTORAL_DISTRICT"><geoObjTyp><GeoObjTypCd value="002" Sync="TRUE"></GeoObjTypCd></geoObjTyp><geoObjCnt Sync="TRUE">0</geoObjCnt></geometObjs><topLvl><TopoLevCd value="001" Sync="TRUE"></TopoLevCd></topLvl></VectSpatRep></spatRepInfo><eainfo><detailed Name="ELECTORAL_DISTRICT"><enttyp><enttypl Sync="TRUE">ELECTORAL_DISTRICT</enttypl><enttypt Sync="TRUE">Feature Class</enttypt><enttypc Sync="TRUE">0</enttypc></enttyp><attr><attrlabl Sync="TRUE">ED_ID</attrlabl><attalias Sync="TRUE">ED_ID</attalias><attrtype Sync="TRUE">Integer</attrtype><attwidth Sync="TRUE">10</attwidth><atprecis Sync="TRUE">10</atprecis><attscale Sync="TRUE">0</attscale></attr><attr><attrlabl Sync="TRUE">SHAPE</attrlabl><attalias Sync="TRUE">Shape</attalias><attrtype Sync="TRUE">Geometry</attrtype><attwidth Sync="TRUE">0</attwidth><atprecis Sync="TRUE">0</atprecis><attscale Sync="TRUE">0</attscale><attrdef Sync="TRUE">Feature geometry.</attrdef><attrdefs Sync="TRUE">ESRI</attrdefs><attrdomv><udom Sync="TRUE">Coordinates defining the features.</udom></attrdomv></attr><subtype><stname Sync="TRUE">Current (40xx)</stname><stcode Sync="TRUE">0</stcode><stfield><stfldnm Sync="TRUE">EVENT_ID</stfldnm><stflddv Sync="TRUE">3900</stflddv></stfield></subtype><attr><attrlabl Sync="TRUE">FID</attrlabl><attalias Sync="TRUE">FID</attalias><attrtype Sync="TRUE">OID</attrtype><attwidth Sync="TRUE">4</attwidth><atprecis Sync="TRUE">0</atprecis><attscale Sync="TRUE">0</attscale><attrdef Sync="TRUE">Internal feature number.</attrdef><attrdefs Sync="TRUE">Esri</attrdefs><attrdomv><udom Sync="TRUE">Sequential unique whole numbers that are automatically generated.</udom></attrdomv></attr><subtype><stname Sync="TRUE">Future (4100)</stname><stcode Sync="TRUE">1</stcode><stfield><stfldnm Sync="TRUE">EVENT_ID</stfldnm><stflddv Sync="TRUE">3900</stflddv></stfield></subtype><subtype><stname Sync="TRUE">Historic</stname><stcode Sync="TRUE">2</stcode><stfield><stfldnm Sync="TRUE">EVENT_ID</stfldnm><stflddv Sync="TRUE">3900</stflddv></stfield></subtype><attr><attrlabl Sync="TRUE">ENGLISH_NA</attrlabl><attalias Sync="TRUE">ENGLISH_NA</attalias><attrtype Sync="TRUE">String</attrtype><attwidth Sync="TRUE">64</attwidth><atprecis Sync="TRUE">0</atprecis><attscale Sync="TRUE">0</attscale></attr><attr><attrlabl Sync="TRUE">FRENCH_NAM</attrlabl><attalias Sync="TRUE">FRENCH_NAM</attalias><attrtype Sync="TRUE">String</attrtype><attwidth Sync="TRUE">64</attwidth><atprecis Sync="TRUE">0</atprecis><attscale Sync="TRUE">0</attscale></attr><attr><attrlabl Sync="TRUE">Shape_Leng</attrlabl><attalias Sync="TRUE">Shape_Leng</attalias><attrtype Sync="TRUE">Double</attrtype><attwidth Sync="TRUE">19</attwidth><atprecis Sync="TRUE">0</atprecis><attscale Sync="TRUE">0</attscale></attr><attr><attrlabl Sync="TRUE">Shape_Area</attrlabl><attalias Sync="TRUE">Shape_Area</attalias><attrtype Sync="TRUE">Double</attrtype><attwidth Sync="TRUE">19</attwidth><atprecis Sync="TRUE">0</atprecis><attscale Sync="TRUE">0</attscale><attrdef Sync="TRUE">Area of feature in internal units squared.</attrdef><attrdefs Sync="TRUE">Esri</attrdefs><attrdomv><udom Sync="TRUE">Positive real numbers that are automatically generated.</udom></attrdomv></attr></detailed></eainfo><mdDateSt Sync="TRUE">20240605</mdDateSt></metadata>
