<metadata xml:lang="en"><Esri><CreaDate>20230914</CreaDate><CreaTime>09344700</CreaTime><SyncOnce>FALSE</SyncOnce><DataProperties><itemProps><itemName Sync="TRUE">Prov_PED_2024</itemName><imsContentType Sync="TRUE">002</imsContentType><itemSize Sync="TRUE">0.000</itemSize><itemLocation><linkage Sync="TRUE">file://\\L10FCTN861531C\C$\Users\colin.steele\Desktop\MLA\2024_Prov_PED\Prov_PED_2024.shp</linkage><protocol Sync="TRUE">Local Area Network</protocol></itemLocation></itemProps><coordRef><type Sync="TRUE">Projected</type><geogcsn Sync="TRUE">GCS_North_American_1983_CSRS</geogcsn><csUnits Sync="TRUE">Linear Unit: Meter (1.000000)</csUnits><projcsn Sync="TRUE">NAD_1983_CSRS_New_Brunswick_Stereographic</projcsn><peXml Sync="TRUE">&lt;ProjectedCoordinateSystem xsi:type='typens:ProjectedCoordinateSystem' xmlns:xsi='http://www.w3.org/2001/XMLSchema-instance' xmlns:xs='http://www.w3.org/2001/XMLSchema' xmlns:typens='http://www.esri.com/schemas/ArcGIS/3.1.0'&gt;&lt;WKT&gt;PROJCS[&amp;quot;NAD_1983_CSRS_New_Brunswick_Stereographic&amp;quot;,GEOGCS[&amp;quot;GCS_North_American_1983_CSRS&amp;quot;,DATUM[&amp;quot;D_North_American_1983_CSRS&amp;quot;,SPHEROID[&amp;quot;GRS_1980&amp;quot;,6378137.0,298.257222101]],PRIMEM[&amp;quot;Greenwich&amp;quot;,0.0],UNIT[&amp;quot;Degree&amp;quot;,0.0174532925199433]],PROJECTION[&amp;quot;Double_Stereographic&amp;quot;],PARAMETER[&amp;quot;False_Easting&amp;quot;,2500000.0],PARAMETER[&amp;quot;False_Northing&amp;quot;,7500000.0],PARAMETER[&amp;quot;Central_Meridian&amp;quot;,-66.5],PARAMETER[&amp;quot;Scale_Factor&amp;quot;,0.999912],PARAMETER[&amp;quot;Latitude_Of_Origin&amp;quot;,46.5],UNIT[&amp;quot;Meter&amp;quot;,1.0],AUTHORITY[&amp;quot;EPSG&amp;quot;,2953]]&lt;/WKT&gt;&lt;XOrigin&gt;-28216700&lt;/XOrigin&gt;&lt;YOrigin&gt;-23260100&lt;/YOrigin&gt;&lt;XYScale&gt;146555990.15834904&lt;/XYScale&gt;&lt;ZOrigin&gt;-100000&lt;/ZOrigin&gt;&lt;ZScale&gt;10000&lt;/ZScale&gt;&lt;MOrigin&gt;-100000&lt;/MOrigin&gt;&lt;MScale&gt;10000&lt;/MScale&gt;&lt;XYTolerance&gt;0.001&lt;/XYTolerance&gt;&lt;ZTolerance&gt;0.001&lt;/ZTolerance&gt;&lt;MTolerance&gt;0.001&lt;/MTolerance&gt;&lt;HighPrecision&gt;true&lt;/HighPrecision&gt;&lt;WKID&gt;2036&lt;/WKID&gt;&lt;LatestWKID&gt;2953&lt;/LatestWKID&gt;&lt;/ProjectedCoordinateSystem&gt;</peXml></coordRef><lineage><Process ToolSource="c:\program files\arcgis\pro\Resources\ArcToolbox\toolboxes\Conversion Tools.tbx\FeatureClassToFeatureClass" Date="20230112" Time="155915">FeatureClassToFeatureClass Restigouche_Option2_Web "C:\Working\Electoral Boundaries Commission\2022 Boundary Commission\Maps\EBC_Maps.gdb" Updated_Restigouche_Option_2 # "DIST_ID "DIST_ID" true true false 4 Long 0 0,First,#,Restigouche_Option2_Web,DIST_ID,-1,-1;PED_Name_E "PED_Name_E" true true false 50 Text 0 0,First,#,Restigouche_Option2_Web,PED_Name_E,0,50;PED_Name_F "PED_Name_F" true true false 50 Text 0 0,First,#,Restigouche_Option2_Web,PED_Name_F,0,50;PED_Names_B "PED_Names_B" true true false 100 Text 0 0,First,#,Restigouche_Option2_Web,PED_Names_B,0,100;MLA_Names "NewNames" true true false 255 Text 0 0,First,#,Restigouche_Option2_Web,MLA_Names,0,255;SHAPE_Length "SHAPE_Length" false true true 8 Double 0 0,First,#,Restigouche_Option2_Web,SHAPE_Length,-1,-1;SHAPE_Area "SHAPE_Area" false true true 8 Double 0 0,First,#,Restigouche_Option2_Web,SHAPE_Area,-1,-1" #</Process><Process ToolSource="c:\program files\arcgis\pro\Resources\ArcToolbox\toolboxes\Conversion Tools.tbx\FeatureClassToFeatureClass" Date="20230112" Time="160341">FeatureClassToFeatureClass Updated_Restigouche_Option_2 "C:\Working\Electoral Boundaries Commission\2022 Boundary Commission\Maps\EBC_Maps.gdb" Jan12_Updated_Prov # "DIST_ID "DIST_ID" true true false 4 Long 0 0,First,#,Updated_Restigouche_Option_2,DIST_ID,-1,-1;PED_Name_E "PED_Name_E" true true false 50 Text 0 0,First,#,Updated_Restigouche_Option_2,PED_Name_E,0,50;PED_Name_F "PED_Name_F" true true false 50 Text 0 0,First,#,Updated_Restigouche_Option_2,PED_Name_F,0,50;PED_Names_B "PED_Names_B" true true false 100 Text 0 0,First,#,Updated_Restigouche_Option_2,PED_Names_B,0,100;MLA_Names "NewNames" true true false 255 Text 0 0,First,#,Updated_Restigouche_Option_2,MLA_Names,0,255;Shape_Length "Shape_Length" false true true 8 Double 0 0,First,#,Updated_Restigouche_Option_2,Shape_Length,-1,-1;Shape_Area "Shape_Area" false true true 8 Double 0 0,First,#,Updated_Restigouche_Option_2,Shape_Area,-1,-1" #</Process><Process ToolSource="c:\program files\arcgis\pro\Resources\ArcToolbox\toolboxes\Conversion Tools.tbx\FeatureClassToFeatureClass" Date="20230112" Time="184656">FeatureClassToFeatureClass Jan12_Updated_Prov "C:\Working\Electoral Boundaries Commission\2022 Boundary Commission\Maps\EBC_Maps.gdb" Jan12_Updated_Prov_P11 # "DIST_ID "DIST_ID" true true false 4 Long 0 0,First,#,Jan12_Updated_Prov,DIST_ID,-1,-1;PED_Name_E "PED_Name_E" true true false 50 Text 0 0,First,#,Jan12_Updated_Prov,PED_Name_E,0,50;PED_Name_F "PED_Name_F" true true false 50 Text 0 0,First,#,Jan12_Updated_Prov,PED_Name_F,0,50;PED_Names_B "PED_Names_B" true true false 100 Text 0 0,First,#,Jan12_Updated_Prov,PED_Names_B,0,100;MLA_Names "NewNames" true true false 255 Text 0 0,First,#,Jan12_Updated_Prov,MLA_Names,0,255;Shape_Length "Shape_Length" false true true 8 Double 0 0,First,#,Jan12_Updated_Prov,Shape_Length,-1,-1;Shape_Area "Shape_Area" false true true 8 Double 0 0,First,#,Jan12_Updated_Prov,Shape_Area,-1,-1" #</Process><Process ToolSource="c:\program files\arcgis\pro\Resources\ArcToolbox\toolboxes\Conversion Tools.tbx\FeatureClassToFeatureClass" Date="20230117" Time="132326">FeatureClassToFeatureClass Jan15_Prov_Update "C:\Working\Electoral Boundaries Commission\2022 Boundary Commission\Maps\EBC_Maps.gdb" Jan_17_Updates # "DIST_ID "DIST_ID" true true false 4 Long 0 0,First,#,Jan15_Prov_Update,DIST_ID,-1,-1;PED_Name_E "PED_Name_E" true true false 50 Text 0 0,First,#,Jan15_Prov_Update,PED_Name_E,0,50;PED_Name_F "PED_Name_F" true true false 50 Text 0 0,First,#,Jan15_Prov_Update,PED_Name_F,0,50;PED_Names_B "PED_Names_B" true true false 100 Text 0 0,First,#,Jan15_Prov_Update,PED_Names_B,0,100;MLA_Names "NewNames" true true false 255 Text 0 0,First,#,Jan15_Prov_Update,MLA_Names,0,255;Shape_Length "Shape_Length" false true true 8 Double 0 0,First,#,Jan15_Prov_Update,Shape_Length,-1,-1;Shape_Area "Shape_Area" false true true 8 Double 0 0,First,#,Jan15_Prov_Update,Shape_Area,-1,-1" #</Process><Process ToolSource="c:\program files\arcgis\pro\Resources\ArcToolbox\toolboxes\Conversion Tools.tbx\FeatureClassToFeatureClass" Date="20230118" Time="100423">FeatureClassToFeatureClass Jan_17_Updates "C:\Working\Electoral Boundaries Commission\2022 Boundary Commission\Maps\EBC_Maps.gdb" Jan_18_Updates_SL # "DIST_ID "DIST_ID" true true false 4 Long 0 0,First,#,Jan_17_Updates,DIST_ID,-1,-1;PED_Name_E "PED_Name_E" true true false 50 Text 0 0,First,#,Jan_17_Updates,PED_Name_E,0,50;PED_Name_F "PED_Name_F" true true false 50 Text 0 0,First,#,Jan_17_Updates,PED_Name_F,0,50;PED_Names_B "PED_Names_B" true true false 100 Text 0 0,First,#,Jan_17_Updates,PED_Names_B,0,100;MLA_Names "NewNames" true true false 255 Text 0 0,First,#,Jan_17_Updates,MLA_Names,0,255;Shape_Length "Shape_Length" false true true 8 Double 0 0,First,#,Jan_17_Updates,Shape_Length,-1,-1;Shape_Area "Shape_Area" false true true 8 Double 0 0,First,#,Jan_17_Updates,Shape_Area,-1,-1" #</Process><Process ToolSource="c:\program files\arcgis\pro\Resources\ArcToolbox\toolboxes\Conversion Tools.tbx\FeatureClassToFeatureClass" Date="20230118" Time="153650">FeatureClassToFeatureClass Jan_18_Updates_SL "C:\Working\Electoral Boundaries Commission\2022 Boundary Commission\Maps\EBC_Maps.gdb" Jan_18_Updates_Final # "DIST_ID "DIST_ID" true true false 4 Long 0 0,First,#,Jan_18_Updates_SL,DIST_ID,-1,-1;PED_Name_E "PED_Name_E" true true false 50 Text 0 0,First,#,Jan_18_Updates_SL,PED_Name_E,0,50;PED_Name_F "PED_Name_F" true true false 50 Text 0 0,First,#,Jan_18_Updates_SL,PED_Name_F,0,50;PED_Names_B "PED_Names_B" true true false 100 Text 0 0,First,#,Jan_18_Updates_SL,PED_Names_B,0,100;MLA_Names "NewNames" true true false 255 Text 0 0,First,#,Jan_18_Updates_SL,MLA_Names,0,255;Shape_Length "Shape_Length" false true true 8 Double 0 0,First,#,Jan_18_Updates_SL,Shape_Length,-1,-1;Shape_Area "Shape_Area" false true true 8 Double 0 0,First,#,Jan_18_Updates_SL,Shape_Area,-1,-1" #</Process><Process ToolSource="c:\program files\arcgis\pro\Resources\ArcToolbox\toolboxes\Conversion Tools.tbx\FeatureClassToFeatureClass" Date="20230123" Time="093620">FeatureClassToFeatureClass Jan_18_Updates_Final "C:\Working\Electoral Boundaries Commission\2022 Boundary Commission\Maps\EBC_Maps.gdb" Jan_23_Updates_Final # "DIST_ID "DIST_ID" true true false 4 Long 0 0,First,#,Jan_18_Updates_Final,DIST_ID,-1,-1;PED_Name_E "PED_Name_E" true true false 50 Text 0 0,First,#,Jan_18_Updates_Final,PED_Name_E,0,50;PED_Name_F "PED_Name_F" true true false 50 Text 0 0,First,#,Jan_18_Updates_Final,PED_Name_F,0,50;PED_Names_B "PED_Names_B" true true false 100 Text 0 0,First,#,Jan_18_Updates_Final,PED_Names_B,0,100;MLA_Names "NewNames" true true false 255 Text 0 0,First,#,Jan_18_Updates_Final,MLA_Names,0,255;Shape_Length "Shape_Length" false true true 8 Double 0 0,First,#,Jan_18_Updates_Final,Shape_Length,-1,-1;Shape_Area "Shape_Area" false true true 8 Double 0 0,First,#,Jan_18_Updates_Final,Shape_Area,-1,-1" #</Process><Process ToolSource="c:\program files\arcgis\pro\Resources\ArcToolbox\toolboxes\Conversion Tools.tbx\FeatureClassToFeatureClass" Date="20230125" Time="115853">FeatureClassToFeatureClass Jan_23_Updates_Final "C:\Working\Electoral Boundaries Commission\2022 Boundary Commission\Maps\EBC_Maps.gdb" Jan_25_For_Maps # "DIST_ID "DIST_ID" true true false 4 Long 0 0,First,#,Jan_23_Updates_Final,DIST_ID,-1,-1;PED_Name_E "PED_Name_E" true true false 50 Text 0 0,First,#,Jan_23_Updates_Final,PED_Name_E,0,50;PED_Name_F "PED_Name_F" true true false 50 Text 0 0,First,#,Jan_23_Updates_Final,PED_Name_F,0,50;PED_Names_B "PED_Names_B" true true false 100 Text 0 0,First,#,Jan_23_Updates_Final,PED_Names_B,0,100;MLA_Names "NewNames" true true false 255 Text 0 0,First,#,Jan_23_Updates_Final,MLA_Names,0,255;Shape_Length "Shape_Length" false true true 8 Double 0 0,First,#,Jan_23_Updates_Final,Shape_Length,-1,-1;Shape_Area "Shape_Area" false true true 8 Double 0 0,First,#,Jan_23_Updates_Final,Shape_Area,-1,-1" #</Process><Process ToolSource="c:\program files\arcgis\pro\Resources\ArcToolbox\toolboxes\Data Management Tools.tbx\DeleteField" Date="20230125" Time="115920">DeleteField Jan_25_For_Maps PED_Name_E "Delete Fields"</Process><Process ToolSource="c:\program files\arcgis\pro\Resources\ArcToolbox\toolboxes\Data Management Tools.tbx\DeleteField" Date="20230125" Time="115924">DeleteField Jan_25_For_Maps PED_Name_F "Delete Fields"</Process><Process ToolSource="c:\program files\arcgis\pro\Resources\ArcToolbox\toolboxes\Data Management Tools.tbx\DeleteField" Date="20230125" Time="115929">DeleteField Jan_25_For_Maps PED_Names_B "Delete Fields"</Process><Process ToolSource="c:\program files\arcgis\pro\Resources\ArcToolbox\toolboxes\Data Management Tools.tbx\DeleteField" Date="20230125" Time="115933">DeleteField Jan_25_For_Maps MLA_Names "Delete Fields"</Process><Process ToolSource="c:\program files\arcgis\pro\Resources\ArcToolbox\toolboxes\Conversion Tools.tbx\FeatureClassToFeatureClass" Date="20230125" Time="120039">FeatureClassToFeatureClass Jan_25_For_Maps "C:\Working\Electoral Boundaries Commission\2022 Boundary Commission\Maps\EBC_Maps.gdb" Jan25_Updated_Names # "DIST_ID "DIST_ID" true true false 4 Long 0 0,First,#,Jan_25_For_Maps,Jan_25_For_Maps.DIST_ID,-1,-1;Shape_Length "Shape_Length" false true true 8 Double 0 0,First,#,Jan_25_For_Maps,Jan_25_For_Maps.Shape_Length,-1,-1;Shape_Area "Shape_Area" false true true 8 Double 0 0,First,#,Jan_25_For_Maps,Jan_25_For_Maps.Shape_Area,-1,-1;ED "ED" true true false 8 Double 0 0,First,#,Jan_25_For_Maps,T_2023_01_23$_.ED,-1,-1;Name "Name" true true false 255 Text 0 0,First,#,Jan_25_For_Maps,T_2023_01_23$_.Name,0,255;Nom "Nom" true true false 255 Text 0 0,First,#,Jan_25_For_Maps,T_2023_01_23$_.Nom,0,255;Both "Both" true true false 255 Text 0 0,First,#,Jan_25_For_Maps,T_2023_01_23$_.Both,0,255;ObjectID "ObjectID" false true false 4 Long 0 9,First,#,Jan_25_For_Maps,T_2023_01_23$_.ObjectID,-1,-1" #</Process><Process ToolSource="c:\program files\arcgis\pro\Resources\ArcToolbox\toolboxes\Data Management Tools.tbx\DeleteField" Date="20230125" Time="120056">DeleteField Jan25_Updated_Names ObjectID "Delete Fields"</Process><Process ToolSource="c:\program files\arcgis\pro\Resources\ArcToolbox\toolboxes\Data Management Tools.tbx\DeleteField" Date="20230125" Time="120104">DeleteField Jan25_Updated_Names ED "Delete Fields"</Process><Process ToolSource="c:\program files\arcgis\pro\Resources\ArcToolbox\toolboxes\Conversion Tools.tbx\FeatureClassToFeatureClass" Date="20230130" Time="115311">FeatureClassToFeatureClass Jan25_Updated_Names "C:\Working\Electoral Boundaries Commission\2022 Boundary Commission\Maps\EBC_Maps.gdb" Jan30_For_Website # "DIST_ID "DIST_ID" true true false 4 Long 0 0,First,#,Jan25_Updated_Names,DIST_ID,-1,-1;Name "Name" true true false 255 Text 0 0,First,#,Jan25_Updated_Names,Name,0,255;Nom "Nom" true true false 255 Text 0 0,First,#,Jan25_Updated_Names,Nom,0,255;Both "Both" true true false 255 Text 0 0,First,#,Jan25_Updated_Names,Both,0,255;Shape_Length "Shape_Length" false true true 8 Double 0 0,First,#,Jan25_Updated_Names,Shape_Length,-1,-1;Shape_Area "Shape_Area" false true true 8 Double 0 0,First,#,Jan25_Updated_Names,Shape_Area,-1,-1" #</Process><Process ToolSource="c:\program files\arcgis\pro\Resources\ArcToolbox\toolboxes\Conversion Tools.tbx\FeatureClassToFeatureClass" Date="20230130" Time="125113">FeatureClassToFeatureClass Jan30_For_Website "C:\Working\Electoral Boundaries Commission\2022 Boundary Commission\Maps\EBC_Maps.gdb" Jan30_For_Website_Working # "DIST_ID "DIST_ID" true true false 4 Long 0 0,First,#,Jan30_For_Website,DIST_ID,-1,-1;Name "Name" true true false 255 Text 0 0,First,#,Jan30_For_Website,Name,0,255;Nom "Nom" true true false 255 Text 0 0,First,#,Jan30_For_Website,Nom,0,255;Both "Both" true true false 255 Text 0 0,First,#,Jan30_For_Website,Both,0,255;Shape_Length "Shape_Length" false true true 8 Double 0 0,First,#,Jan30_For_Website,Shape_Length,-1,-1;Shape_Area "Shape_Area" false true true 8 Double 0 0,First,#,Jan30_For_Website,Shape_Area,-1,-1" #</Process><Process ToolSource="c:\program files\arcgis\pro\Resources\ArcToolbox\toolboxes\Conversion Tools.tbx\FeatureClassToFeatureClass" Date="20230202" Time="100258">FeatureClassToFeatureClass Jan30_For_Website_Working "C:\Working\Electoral Boundaries Commission\2022 Boundary Commission\Maps\EBC_Maps.gdb" Share_2 # "DIST_ID "DIST_ID" true true false 4 Long 0 0,First,#,Jan30_For_Website_Working,DIST_ID,-1,-1;Name "Name" true true false 255 Text 0 0,First,#,Jan30_For_Website_Working,Name,0,255;Nom "Nom" true true false 255 Text 0 0,First,#,Jan30_For_Website_Working,Nom,0,255;Both "Both" true true false 255 Text 0 0,First,#,Jan30_For_Website_Working,Both,0,255;Shape_Length "Shape_Length" false true true 8 Double 0 0,First,#,Jan30_For_Website_Working,Shape_Length,-1,-1;Shape_Area "Shape_Area" false true true 8 Double 0 0,First,#,Jan30_For_Website_Working,Shape_Area,-1,-1" #</Process><Process ToolSource="c:\program files\arcgis\pro\Resources\ArcToolbox\toolboxes\Conversion Tools.tbx\FeatureClassToFeatureClass" Date="20230202" Time="100406">FeatureClassToFeatureClass Share_2 "C:\Working\Electoral Boundaries Commission\2022 Boundary Commission\Maps\EBC_Maps.gdb" Final_Prov # "DIST_ID "DIST_ID" true true false 4 Long 0 0,First,#,Share_2,Share_2.DIST_ID,-1,-1;Name "Name" true true false 255 Text 0 0,First,#,Share_2,Share_2.Name,0,255;Nom "Nom" true true false 255 Text 0 0,First,#,Share_2,Share_2.Nom,0,255;Both "Both" true true false 255 Text 0 0,First,#,Share_2,Share_2.Both,0,255;Shape_Length "Shape_Length" false true true 8 Double 0 0,First,#,Share_2,Share_2.Shape_Length,-1,-1;Shape_Area "Shape_Area" false true true 8 Double 0 0,First,#,Share_2,Share_2.Shape_Area,-1,-1;OBJECTID "OBJECTID" false true false 4 Long 0 9,First,#,Share_2,Prov_Final_Share.OBJECTID,-1,-1;DIST_ID "DIST_ID" true true false 4 Long 0 0,First,#,Share_2,Prov_Final_Share.DIST_ID,-1,-1;Name "Name" true true false 255 Text 0 0,First,#,Share_2,Prov_Final_Share.Name,0,255;Nom "Nom" true true false 255 Text 0 0,First,#,Share_2,Prov_Final_Share.Nom,0,255;Both "Both" true true false 255 Text 0 0,First,#,Share_2,Prov_Final_Share.Both,0,255;Colour "Colour" true true false 255 Text 0 0,First,#,Share_2,Prov_Final_Share.Colour,0,255;Label "Label" true true false 1 Text 0 0,First,#,Share_2,Prov_Final_Share.Label,0,1;Name_Conv "Name_Conv" true true false 255 Text 0 0,First,#,Share_2,Prov_Final_Share.Name_Conv,0,255;Shape_Length "Shape_Length" false true true 8 Double 0 0,First,#,Share_2,Prov_Final_Share.Shape_Length,-1,-1;Shape_Area "Shape_Area" false true true 8 Double 0 0,First,#,Share_2,Prov_Final_Share.Shape_Area,-1,-1" #</Process><Process ToolSource="c:\program files\arcgis\pro\Resources\ArcToolbox\toolboxes\Data Management Tools.tbx\DeleteField" Date="20230202" Time="100438">DeleteField Final_Prov Shape_Area_1 "Delete Fields"</Process><Process ToolSource="c:\program files\arcgis\pro\Resources\ArcToolbox\toolboxes\Data Management Tools.tbx\DeleteField" Date="20230202" Time="100448">DeleteField Final_Prov Shape_Length_1 "Delete Fields"</Process><Process ToolSource="c:\program files\arcgis\pro\Resources\ArcToolbox\toolboxes\Data Management Tools.tbx\DeleteField" Date="20230202" Time="100454">DeleteField Final_Prov Colour "Delete Fields"</Process><Process ToolSource="c:\program files\arcgis\pro\Resources\ArcToolbox\toolboxes\Data Management Tools.tbx\DeleteField" Date="20230202" Time="100500">DeleteField Final_Prov Label "Delete Fields"</Process><Process ToolSource="c:\program files\arcgis\pro\Resources\ArcToolbox\toolboxes\Data Management Tools.tbx\DeleteField" Date="20230202" Time="100508">DeleteField Final_Prov Nom_1 "Delete Fields"</Process><Process ToolSource="c:\program files\arcgis\pro\Resources\ArcToolbox\toolboxes\Data Management Tools.tbx\DeleteField" Date="20230202" Time="100511">DeleteField Final_Prov Name_1 "Delete Fields"</Process><Process ToolSource="c:\program files\arcgis\pro\Resources\ArcToolbox\toolboxes\Data Management Tools.tbx\DeleteField" Date="20230202" Time="100514">DeleteField Final_Prov OBJECTID "Delete Fields"</Process><Process ToolSource="c:\program files\arcgis\pro\Resources\ArcToolbox\toolboxes\Data Management Tools.tbx\DeleteField" Date="20230202" Time="100518">DeleteField Final_Prov DIST_ID_1 "Delete Fields"</Process><Process ToolSource="c:\program files\arcgis\pro\Resources\ArcToolbox\toolboxes\Data Management Tools.tbx\DeleteField" Date="20230202" Time="100522">DeleteField Final_Prov Both_1 "Delete Fields"</Process><Process ToolSource="c:\program files\arcgis\pro\Resources\ArcToolbox\toolboxes\Data Management Tools.tbx\UpdateSchema" Date="20230307" Time="101147">UpdateSchema "CIMDATA=&lt;CIMStandardDataConnection xsi:type='typens:CIMStandardDataConnection' xmlns:xsi='http://www.w3.org/2001/XMLSchema-instance' xmlns:xs='http://www.w3.org/2001/XMLSchema' xmlns:typens='http://www.esri.com/schemas/ArcGIS/2.9.0'&gt;&lt;WorkspaceConnectionString&gt;DATABASE=C:\Working\Electoral Boundaries Commission\2022 Boundary Commission\Maps\EBC_Maps.gdb&lt;/WorkspaceConnectionString&gt;&lt;WorkspaceFactory&gt;FileGDB&lt;/WorkspaceFactory&gt;&lt;Dataset&gt;Final_Prov&lt;/Dataset&gt;&lt;DatasetType&gt;esriDTFeatureClass&lt;/DatasetType&gt;&lt;/CIMStandardDataConnection&gt;" &lt;operationSequence&gt;&lt;workflow&gt;&lt;AlterField&gt;&lt;field_name&gt;Name_Conv&lt;/field_name&gt;&lt;new_field_name&gt;Conc&lt;/new_field_name&gt;&lt;field_type&gt;TEXT&lt;/field_type&gt;&lt;field_is_nullable&gt;True&lt;/field_is_nullable&gt;&lt;clear_field_alias&gt;False&lt;/clear_field_alias&gt;&lt;/AlterField&gt;&lt;/workflow&gt;&lt;/operationSequence&gt;</Process><Process ToolSource="c:\program files\arcgis\pro\Resources\ArcToolbox\toolboxes\Data Management Tools.tbx\UpdateSchema" Date="20230307" Time="101208">UpdateSchema "CIMDATA=&lt;CIMStandardDataConnection xsi:type='typens:CIMStandardDataConnection' xmlns:xsi='http://www.w3.org/2001/XMLSchema-instance' xmlns:xs='http://www.w3.org/2001/XMLSchema' xmlns:typens='http://www.esri.com/schemas/ArcGIS/2.9.0'&gt;&lt;WorkspaceConnectionString&gt;DATABASE=C:\Working\Electoral Boundaries Commission\2022 Boundary Commission\Maps\EBC_Maps.gdb&lt;/WorkspaceConnectionString&gt;&lt;WorkspaceFactory&gt;FileGDB&lt;/WorkspaceFactory&gt;&lt;Dataset&gt;Final_Prov&lt;/Dataset&gt;&lt;DatasetType&gt;esriDTFeatureClass&lt;/DatasetType&gt;&lt;/CIMStandardDataConnection&gt;" &lt;operationSequence&gt;&lt;workflow&gt;&lt;AlterField&gt;&lt;field_name&gt;Both&lt;/field_name&gt;&lt;new_field_name&gt;E_F&lt;/new_field_name&gt;&lt;field_type&gt;TEXT&lt;/field_type&gt;&lt;field_is_nullable&gt;True&lt;/field_is_nullable&gt;&lt;clear_field_alias&gt;False&lt;/clear_field_alias&gt;&lt;/AlterField&gt;&lt;/workflow&gt;&lt;/operationSequence&gt;</Process><Process ToolSource="c:\program files\arcgis\pro\Resources\ArcToolbox\toolboxes\Conversion Tools.tbx\FeatureClassToFeatureClass" Date="20230313" Time="125452">FeatureClassToFeatureClass Final_Prov "C:\Working\Electoral Boundaries Commission\2022 Boundary Commission\Maps\EBC_Maps.gdb" Final_Prov_Query # "DIST_ID "DIST_ID" true true false 4 Long 0 0,First,#,Final_Prov,DIST_ID,-1,-1;Name "Name" true true false 255 Text 0 0,First,#,Final_Prov,Name,0,255;Nom "Nom" true true false 255 Text 0 0,First,#,Final_Prov,Nom,0,255;E_F "E_F" true true false 255 Text 0 0,First,#,Final_Prov,E_F,0,255;Conc "Conc" true true false 255 Text 0 0,First,#,Final_Prov,Conc,0,255;Shape_Length "Shape_Length" false true true 8 Double 0 0,First,#,Final_Prov,Shape_Length,-1,-1;Shape_Area "Shape_Area" false true true 8 Double 0 0,First,#,Final_Prov,Shape_Area,-1,-1" #</Process><Process ToolSource="c:\program files\arcgis\pro\Resources\ArcToolbox\toolboxes\Conversion Tools.tbx\FeatureClassToFeatureClass" Date="20230329" Time="104830">FeatureClassToFeatureClass Final_Prov_Query "C:\Working\Electoral Boundaries Commission\2022 Boundary Commission\Maps\EBC_Maps.gdb" Prov_March_29 # "DIST_ID "DIST_ID" true true false 4 Long 0 0,First,#,Final_Prov_Query,DIST_ID,-1,-1;Name "Name" true true false 255 Text 0 0,First,#,Final_Prov_Query,Name,0,255;Nom "Nom" true true false 255 Text 0 0,First,#,Final_Prov_Query,Nom,0,255;E_F "E_F" true true false 255 Text 0 0,First,#,Final_Prov_Query,E_F,0,255;Conc "Conc" true true false 255 Text 0 0,First,#,Final_Prov_Query,Conc,0,255;Shape_Length "Shape_Length" false true true 8 Double 0 0,First,#,Final_Prov_Query,Shape_Length,-1,-1;Shape_Area "Shape_Area" false true true 8 Double 0 0,First,#,Final_Prov_Query,Shape_Area,-1,-1" #</Process><Process ToolSource="c:\program files\arcgis\pro\Resources\ArcToolbox\Toolboxes\Data Management Tools.tbx\UpdateSchema" Date="20230404" Time="085405">UpdateSchema "CIMDATA=&lt;CIMStandardDataConnection xsi:type='typens:CIMStandardDataConnection' xmlns:xsi='http://www.w3.org/2001/XMLSchema-instance' xmlns:xs='http://www.w3.org/2001/XMLSchema' xmlns:typens='http://www.esri.com/schemas/ArcGIS/2.9.0'&gt;&lt;WorkspaceConnectionString&gt;DATABASE=C:\Working\Electoral Boundaries Commission\2022 Boundary Commission\Maps\EBC_Maps.gdb&lt;/WorkspaceConnectionString&gt;&lt;WorkspaceFactory&gt;FileGDB&lt;/WorkspaceFactory&gt;&lt;Dataset&gt;Prov_March_29&lt;/Dataset&gt;&lt;DatasetType&gt;esriDTFeatureClass&lt;/DatasetType&gt;&lt;/CIMStandardDataConnection&gt;" &lt;operationSequence&gt;&lt;workflow&gt;&lt;AlterField&gt;&lt;field_name&gt;Conc&lt;/field_name&gt;&lt;new_field_name&gt;Name_Conv&lt;/new_field_name&gt;&lt;field_type&gt;TEXT&lt;/field_type&gt;&lt;field_is_nullable&gt;True&lt;/field_is_nullable&gt;&lt;clear_field_alias&gt;False&lt;/clear_field_alias&gt;&lt;/AlterField&gt;&lt;/workflow&gt;&lt;/operationSequence&gt;</Process><Process ToolSource="c:\program files\arcgis\pro\Resources\ArcToolbox\toolboxes\Conversion Tools.tbx\FeatureClassToFeatureClass" Date="20230404" Time="085459">FeatureClassToFeatureClass Prov_March_29 "C:\Working\Electoral Boundaries Commission\2022 Boundary Commission\Maps\EBC_Maps.gdb" Prov_April_Final # "DIST_ID "DIST_ID" true true false 4 Long 0 0,First,#,Prov_March_29,DIST_ID,-1,-1;Name "Name" true true false 255 Text 0 0,First,#,Prov_March_29,Name,0,255;Nom "Nom" true true false 255 Text 0 0,First,#,Prov_March_29,Nom,0,255;E_F "E_F" true true false 255 Text 0 0,First,#,Prov_March_29,E_F,0,255;Name_Conv "Name_Conv" true true false 255 Text 0 0,First,#,Prov_March_29,Name_Conv,0,255;Shape_Length "Shape_Length" false true true 8 Double 0 0,First,#,Prov_March_29,Shape_Length,-1,-1;Shape_Area "Shape_Area" false true true 8 Double 0 0,First,#,Prov_March_29,Shape_Area,-1,-1" #</Process><Process ToolSource="c:\program files\arcgis\pro\Resources\ArcToolbox\toolboxes\Conversion Tools.tbx\FeatureClassToFeatureClass" Date="20230404" Time="085906">FeatureClassToFeatureClass Prov_April_Final "C:\Working\Electoral Boundaries Commission\2022 Boundary Commission\Maps\Final_Shapefile" Prov_PED_2024.shp # "DIST_ID "DIST_ID" true true false 4 Long 0 0,First,#,Prov_April_Final,DIST_ID,-1,-1;Name "Name" true true false 255 Text 0 0,First,#,Prov_April_Final,Name,0,255;Nom "Nom" true true false 255 Text 0 0,First,#,Prov_April_Final,Nom,0,255;E_F "E_F" true true false 255 Text 0 0,First,#,Prov_April_Final,E_F,0,255;Name_Conv "Name_Conv" true true false 255 Text 0 0,First,#,Prov_April_Final,Name_Conv,0,255;Shape_Length "Shape_Length" false true true 8 Double 0 0,First,#,Prov_April_Final,Shape_Length,-1,-1;Shape_Area "Shape_Area" false true true 8 Double 0 0,First,#,Prov_April_Final,Shape_Area,-1,-1" #</Process><Process ToolSource="c:\program files\arcgis\pro\Resources\ArcToolbox\toolboxes\Conversion Tools.tbx\FeatureClassToFeatureClass" Date="20230608" Time="094118">FeatureClassToFeatureClass Prov_PED_2024 "C:\Working\Electoral Boundaries Commission\2022 Boundary Commission\PED_47_Updates" Prov_PED_2024.shp # "DIST_ID "DIST_ID" true true false 10 Long 0 10,First,#,Prov_PED_2024,DIST_ID,-1,-1;Name "Name" true true false 254 Text 0 0,First,#,Prov_PED_2024,Name,0,254;Nom "Nom" true true false 254 Text 0 0,First,#,Prov_PED_2024,Nom,0,254;E_F "E_F" true true false 254 Text 0 0,First,#,Prov_PED_2024,E_F,0,254;Name_Conv "Name_Conv" true true false 254 Text 0 0,First,#,Prov_PED_2024,Name_Conv,0,254;Shape_Leng "Shape_Leng" true true false 19 Double 0 0,First,#,Prov_PED_2024,Shape_Leng,-1,-1;Shape_Area "Shape_Area" true true false 19 Double 0 0,First,#,Prov_PED_2024,Shape_Area,-1,-1" #</Process><Process ToolSource="c:\program files\arcgis\pro\Resources\ArcToolbox\toolboxes\Conversion Tools.tbx\FeatureClassToFeatureClass" Date="20230609" Time="092850">FeatureClassToFeatureClass Prov_PED_2024 C:\Working\FEC2023\Prov2024_Geography.gdb\Original_Data Prov_PED_2024 # "DIST_ID "DIST_ID" true true false 10 Long 0 10,First,#,Prov_PED_2024,DIST_ID,-1,-1;Name "Name" true true false 254 Text 0 0,First,#,Prov_PED_2024,Name,0,254;Nom "Nom" true true false 254 Text 0 0,First,#,Prov_PED_2024,Nom,0,254;E_F "E_F" true true false 254 Text 0 0,First,#,Prov_PED_2024,E_F,0,254;Name_Conv "Name_Conv" true true false 254 Text 0 0,First,#,Prov_PED_2024,Name_Conv,0,254;Shape_Leng "Shape_Leng" true true false 19 Double 0 0,First,#,Prov_PED_2024,Shape_Leng,-1,-1;Shape_Area "Shape_Area" true true false 19 Double 0 0,First,#,Prov_PED_2024,Shape_Area,-1,-1" #</Process><Process ToolSource="c:\program files\arcgis\pro\Resources\ArcToolbox\toolboxes\Conversion Tools.tbx\FeatureClassToFeatureClass" Date="20230617" Time="154507">FeatureClassToFeatureClass Prov_PED_2024 C:\Working\FEC2023\Prov2024_Geography.gdb June17_Prov_PED_2024 # "DIST_ID "DIST_ID" true true false 4 Long 0 0,First,#,Prov_PED_2024,DIST_ID,-1,-1;Name "Name" true true false 254 Text 0 0,First,#,Prov_PED_2024,Name,0,254;Nom "Nom" true true false 254 Text 0 0,First,#,Prov_PED_2024,Nom,0,254;E_F "E_F" true true false 254 Text 0 0,First,#,Prov_PED_2024,E_F,0,254;Name_Conv "Name_Conv" true true false 254 Text 0 0,First,#,Prov_PED_2024,Name_Conv,0,254;Shape_Leng "Shape_Leng" true true false 8 Double 0 0,First,#,Prov_PED_2024,Shape_Leng,-1,-1;Shape_Length "Shape_Length" false true true 8 Double 0 0,First,#,Prov_PED_2024,Shape_Length,-1,-1;Shape_Area "Shape_Area" false true true 8 Double 0 0,First,#,Prov_PED_2024,Shape_Area,-1,-1" #</Process><Process ToolSource="c:\program files\arcgis\pro\Resources\ArcToolbox\toolboxes\Conversion Tools.tbx\ExportFeatures" Date="20230829" Time="132157">ExportFeatures June17_Prov_PED_2024 C:\Working\MoveOver\2024_PEDs\PED_Maps_2024.gdb\Prov_2024_Use # NOT_USE_ALIAS "DIST_ID "DIST_ID" true true false 4 Long 0 0,First,#,June17_Prov_PED_2024,DIST_ID,-1,-1;Name "Name" true true false 254 Text 0 0,First,#,June17_Prov_PED_2024,Name,0,254;Nom "Nom" true true false 254 Text 0 0,First,#,June17_Prov_PED_2024,Nom,0,254;E_F "E_F" true true false 254 Text 0 0,First,#,June17_Prov_PED_2024,E_F,0,254;Name_Conv "Name_Conv" true true false 254 Text 0 0,First,#,June17_Prov_PED_2024,Name_Conv,0,254;Shape_Leng "Shape_Leng" true true false 8 Double 0 0,First,#,June17_Prov_PED_2024,Shape_Leng,-1,-1;Shape_Length "Shape_Length" false true true 8 Double 0 0,First,#,June17_Prov_PED_2024,Shape_Length,-1,-1;Shape_Area "Shape_Area" false true true 8 Double 0 0,First,#,June17_Prov_PED_2024,Shape_Area,-1,-1" #</Process><Process ToolSource="c:\program files\arcgis\pro\Resources\ArcToolbox\toolboxes\Data Management Tools.tbx\UpdateSchema" Date="20230829" Time="132509">UpdateSchema "CIMDATA=&lt;CIMStandardDataConnection xsi:type='typens:CIMStandardDataConnection' xmlns:xsi='http://www.w3.org/2001/XMLSchema-instance' xmlns:xs='http://www.w3.org/2001/XMLSchema' xmlns:typens='http://www.esri.com/schemas/ArcGIS/3.1.0'&gt;&lt;WorkspaceConnectionString&gt;DATABASE=C:\Working\MoveOver\2024_PEDs\PED_Maps_2024.gdb&lt;/WorkspaceConnectionString&gt;&lt;WorkspaceFactory&gt;FileGDB&lt;/WorkspaceFactory&gt;&lt;Dataset&gt;Prov_2024_Use&lt;/Dataset&gt;&lt;DatasetType&gt;esriDTFeatureClass&lt;/DatasetType&gt;&lt;/CIMStandardDataConnection&gt;" &lt;operationSequence&gt;&lt;workflow&gt;&lt;AddField&gt;&lt;field_name&gt;Short_Name&lt;/field_name&gt;&lt;field_type&gt;TEXT&lt;/field_type&gt;&lt;field_length&gt;255&lt;/field_length&gt;&lt;field_is_nullable&gt;True&lt;/field_is_nullable&gt;&lt;field_is_required&gt;False&lt;/field_is_required&gt;&lt;/AddField&gt;&lt;/workflow&gt;&lt;workflow&gt;&lt;AddField&gt;&lt;field_name&gt;Orientation&lt;/field_name&gt;&lt;field_type&gt;TEXT&lt;/field_type&gt;&lt;field_length&gt;255&lt;/field_length&gt;&lt;field_is_nullable&gt;True&lt;/field_is_nullable&gt;&lt;field_is_required&gt;False&lt;/field_is_required&gt;&lt;/AddField&gt;&lt;/workflow&gt;&lt;workflow&gt;&lt;AddField&gt;&lt;field_name&gt;Pnum&lt;/field_name&gt;&lt;field_type&gt;TEXT&lt;/field_type&gt;&lt;field_length&gt;255&lt;/field_length&gt;&lt;field_is_nullable&gt;True&lt;/field_is_nullable&gt;&lt;field_is_required&gt;False&lt;/field_is_required&gt;&lt;/AddField&gt;&lt;/workflow&gt;&lt;/operationSequence&gt;</Process><Process ToolSource="c:\program files\arcgis\pro\Resources\ArcToolbox\toolboxes\Data Management Tools.tbx\CalculateField" Date="20230829" Time="132651">CalculateField Prov_2024_Use Short_Name "ED-CÉ-"+str(!DIST_ID!) "Python 3" # Text NO_ENFORCE_DOMAINS</Process><Process ToolSource="c:\program files\arcgis\pro\Resources\ArcToolbox\toolboxes\Data Management Tools.tbx\CalculateField" Date="20230829" Time="133201">CalculateField Prov_2024_Use Pnum "PED-"+str(!Name_Conv!) "Python 3" # Text NO_ENFORCE_DOMAINS</Process><Process ToolSource="c:\program files\arcgis\pro\Resources\ArcToolbox\toolboxes\Conversion Tools.tbx\ExportFeatures" Date="20230906" Time="135124">ExportFeatures Prov_2024_Use C:\Working\Data\ProvGeo_2024_Pending.gdb\PED_2024 # NOT_USE_ALIAS "DIST_ID "DIST_ID" true true false 4 Long 0 0,First,#,Prov_2024_Use,DIST_ID,-1,-1;Name "Name" true true false 254 Text 0 0,First,#,Prov_2024_Use,Name,0,254;Nom "Nom" true true false 254 Text 0 0,First,#,Prov_2024_Use,Nom,0,254;E_F "E_F" true true false 254 Text 0 0,First,#,Prov_2024_Use,E_F,0,254;Name_Conv "Name_Conv" true true false 254 Text 0 0,First,#,Prov_2024_Use,Name_Conv,0,254;Shape_Leng "Shape_Leng" true true false 8 Double 0 0,First,#,Prov_2024_Use,Shape_Leng,-1,-1;Shape_Length "Shape_Length" false true true 8 Double 0 0,First,#,Prov_2024_Use,Shape_Length,-1,-1;Shape_Area "Shape_Area" false true true 8 Double 0 0,First,#,Prov_2024_Use,Shape_Area,-1,-1;Short_Name "Short_Name" true true false 255 Text 0 0,First,#,Prov_2024_Use,Short_Name,0,255;Orientation "Orientation" true true false 255 Text 0 0,First,#,Prov_2024_Use,Orientation,0,255;Pnum "Pnum" true true false 255 Text 0 0,First,#,Prov_2024_Use,Pnum,0,255" #</Process><Process ToolSource="c:\program files\arcgis\pro\Resources\ArcToolbox\toolboxes\Conversion Tools.tbx\ExportFeatures" Date="20230913" Time="105049">ExportFeatures PED_2024 C:\Working\2024_Prov_Updates\ProvUpdtes_2024\Default.gdb\PED_Test # NOT_USE_ALIAS "DIST_ID "DIST_ID" true true false 4 Long 0 0,First,#,PED_2024,DIST_ID,-1,-1;Name "Name" true true false 254 Text 0 0,First,#,PED_2024,Name,0,254;Nom "Nom" true true false 254 Text 0 0,First,#,PED_2024,Nom,0,254;E_F "E_F" true true false 254 Text 0 0,First,#,PED_2024,E_F,0,254;Name_Conv "Name_Conv" true true false 254 Text 0 0,First,#,PED_2024,Name_Conv,0,254;Shape_Leng "Shape_Leng" true true false 8 Double 0 0,First,#,PED_2024,Shape_Leng,-1,-1;Short_Name "Short_Name" true true false 255 Text 0 0,First,#,PED_2024,Short_Name,0,255;Orientation "Orientation" true true false 255 Text 0 0,First,#,PED_2024,Orientation,0,255;Pnum "Pnum" true true false 255 Text 0 0,First,#,PED_2024,Pnum,0,255;Shape_Length "Shape_Length" false true true 8 Double 0 0,First,#,PED_2024,Shape_Length,-1,-1;Shape_Area "Shape_Area" false true true 8 Double 0 0,First,#,PED_2024,Shape_Area,-1,-1" #</Process><Process ToolSource="c:\program files\arcgis\pro\Resources\ArcToolbox\toolboxes\Data Management Tools.tbx\UpdateSchema" Date="20230913" Time="110717">UpdateSchema "CIMDATA=&lt;CIMStandardDataConnection xsi:type='typens:CIMStandardDataConnection' xmlns:xsi='http://www.w3.org/2001/XMLSchema-instance' xmlns:xs='http://www.w3.org/2001/XMLSchema' xmlns:typens='http://www.esri.com/schemas/ArcGIS/3.1.0'&gt;&lt;WorkspaceConnectionString&gt;DATABASE=C:\Working\2024_Prov_Updates\ProvUpdtes_2024\Default.gdb&lt;/WorkspaceConnectionString&gt;&lt;WorkspaceFactory&gt;FileGDB&lt;/WorkspaceFactory&gt;&lt;Dataset&gt;PED_Test&lt;/Dataset&gt;&lt;DatasetType&gt;esriDTFeatureClass&lt;/DatasetType&gt;&lt;/CIMStandardDataConnection&gt;" &lt;operationSequence&gt;&lt;workflow&gt;&lt;AddField&gt;&lt;field_name&gt;Name_Both&lt;/field_name&gt;&lt;field_type&gt;TEXT&lt;/field_type&gt;&lt;field_length&gt;50&lt;/field_length&gt;&lt;field_is_nullable&gt;True&lt;/field_is_nullable&gt;&lt;field_is_required&gt;False&lt;/field_is_required&gt;&lt;/AddField&gt;&lt;/workflow&gt;&lt;/operationSequence&gt;</Process><Process ToolSource="c:\program files\arcgis\pro\Resources\ArcToolbox\toolboxes\Data Management Tools.tbx\UpdateSchema" Date="20230913" Time="110818">UpdateSchema "CIMDATA=&lt;CIMStandardDataConnection xsi:type='typens:CIMStandardDataConnection' xmlns:xsi='http://www.w3.org/2001/XMLSchema-instance' xmlns:xs='http://www.w3.org/2001/XMLSchema' xmlns:typens='http://www.esri.com/schemas/ArcGIS/3.1.0'&gt;&lt;WorkspaceConnectionString&gt;DATABASE=C:\Working\2024_Prov_Updates\ProvUpdtes_2024\Default.gdb&lt;/WorkspaceConnectionString&gt;&lt;WorkspaceFactory&gt;FileGDB&lt;/WorkspaceFactory&gt;&lt;Dataset&gt;PED_Test&lt;/Dataset&gt;&lt;DatasetType&gt;esriDTFeatureClass&lt;/DatasetType&gt;&lt;/CIMStandardDataConnection&gt;" &lt;operationSequence&gt;&lt;workflow&gt;&lt;AddField&gt;&lt;field_name&gt;PED&lt;/field_name&gt;&lt;field_type&gt;SHORT&lt;/field_type&gt;&lt;field_is_nullable&gt;True&lt;/field_is_nullable&gt;&lt;field_is_required&gt;False&lt;/field_is_required&gt;&lt;/AddField&gt;&lt;/workflow&gt;&lt;/operationSequence&gt;</Process><Process ToolSource="c:\program files\arcgis\pro\Resources\ArcToolbox\toolboxes\Data Management Tools.tbx\CalculateField" Date="20230913" Time="110834">CalculateField PED_Test PED !DIST_ID! "Python 3" # Text NO_ENFORCE_DOMAINS</Process><Process ToolSource="c:\program files\arcgis\pro\Resources\ArcToolbox\toolboxes\Data Management Tools.tbx\DeleteField" Date="20230913" Time="110852">DeleteField PED_Test DIST_ID "Delete Fields"</Process><Process ToolSource="c:\program files\arcgis\pro\Resources\ArcToolbox\toolboxes\Data Management Tools.tbx\UpdateSchema" Date="20230913" Time="111031">UpdateSchema "CIMDATA=&lt;CIMStandardDataConnection xsi:type='typens:CIMStandardDataConnection' xmlns:xsi='http://www.w3.org/2001/XMLSchema-instance' xmlns:xs='http://www.w3.org/2001/XMLSchema' xmlns:typens='http://www.esri.com/schemas/ArcGIS/3.1.0'&gt;&lt;WorkspaceConnectionString&gt;DATABASE=C:\Working\2024_Prov_Updates\ProvUpdtes_2024\Default.gdb&lt;/WorkspaceConnectionString&gt;&lt;WorkspaceFactory&gt;FileGDB&lt;/WorkspaceFactory&gt;&lt;Dataset&gt;PED_Test&lt;/Dataset&gt;&lt;DatasetType&gt;esriDTFeatureClass&lt;/DatasetType&gt;&lt;/CIMStandardDataConnection&gt;" &lt;operationSequence&gt;&lt;workflow&gt;&lt;AddField&gt;&lt;field_name&gt;DIST_ID&lt;/field_name&gt;&lt;field_type&gt;LONG&lt;/field_type&gt;&lt;field_is_nullable&gt;True&lt;/field_is_nullable&gt;&lt;field_is_required&gt;False&lt;/field_is_required&gt;&lt;/AddField&gt;&lt;/workflow&gt;&lt;/operationSequence&gt;</Process><Process ToolSource="c:\program files\arcgis\pro\Resources\ArcToolbox\toolboxes\Data Management Tools.tbx\DeleteField" Date="20230913" Time="111123">DeleteField PED_Test Name_Both "Delete Fields"</Process><Process ToolSource="c:\program files\arcgis\pro\Resources\ArcToolbox\toolboxes\Data Management Tools.tbx\CalculateField" Date="20230913" Time="111143">CalculateField PED_Test DIST_ID !PED! "Python 3" # Text NO_ENFORCE_DOMAINS</Process><Process ToolSource="c:\program files\arcgis\pro\Resources\ArcToolbox\toolboxes\Data Management Tools.tbx\DeleteField" Date="20230913" Time="111157">DeleteField PED_Test PED "Delete Fields"</Process><Process ToolSource="c:\program files\arcgis\pro\Resources\ArcToolbox\toolboxes\Data Management Tools.tbx\UpdateSchema" Date="20230913" Time="111524">UpdateSchema "CIMDATA=&lt;CIMStandardDataConnection xsi:type='typens:CIMStandardDataConnection' xmlns:xsi='http://www.w3.org/2001/XMLSchema-instance' xmlns:xs='http://www.w3.org/2001/XMLSchema' xmlns:typens='http://www.esri.com/schemas/ArcGIS/3.1.0'&gt;&lt;WorkspaceConnectionString&gt;DATABASE=C:\Working\2024_Prov_Updates\ProvUpdtes_2024\Default.gdb&lt;/WorkspaceConnectionString&gt;&lt;WorkspaceFactory&gt;FileGDB&lt;/WorkspaceFactory&gt;&lt;Dataset&gt;PED_Test&lt;/Dataset&gt;&lt;DatasetType&gt;esriDTFeatureClass&lt;/DatasetType&gt;&lt;/CIMStandardDataConnection&gt;" &lt;operationSequence&gt;&lt;workflow&gt;&lt;AlterField&gt;&lt;field_name&gt;Name&lt;/field_name&gt;&lt;new_field_name&gt;PED_Name_E&lt;/new_field_name&gt;&lt;field_type&gt;TEXT&lt;/field_type&gt;&lt;field_is_nullable&gt;True&lt;/field_is_nullable&gt;&lt;clear_field_alias&gt;False&lt;/clear_field_alias&gt;&lt;/AlterField&gt;&lt;/workflow&gt;&lt;workflow&gt;&lt;AlterField&gt;&lt;field_name&gt;Nom&lt;/field_name&gt;&lt;new_field_name&gt;PED_Name_F&lt;/new_field_name&gt;&lt;field_type&gt;TEXT&lt;/field_type&gt;&lt;field_is_nullable&gt;True&lt;/field_is_nullable&gt;&lt;clear_field_alias&gt;False&lt;/clear_field_alias&gt;&lt;/AlterField&gt;&lt;/workflow&gt;&lt;workflow&gt;&lt;AlterField&gt;&lt;field_name&gt;E_F&lt;/field_name&gt;&lt;new_field_name&gt;PED_Names_B&lt;/new_field_name&gt;&lt;field_type&gt;TEXT&lt;/field_type&gt;&lt;field_is_nullable&gt;True&lt;/field_is_nullable&gt;&lt;clear_field_alias&gt;False&lt;/clear_field_alias&gt;&lt;/AlterField&gt;&lt;/workflow&gt;&lt;/operationSequence&gt;</Process><Process ToolSource="c:\program files\arcgis\pro\Resources\ArcToolbox\toolboxes\Data Management Tools.tbx\UpdateSchema" Date="20230913" Time="111604">UpdateSchema "CIMDATA=&lt;CIMStandardDataConnection xsi:type='typens:CIMStandardDataConnection' xmlns:xsi='http://www.w3.org/2001/XMLSchema-instance' xmlns:xs='http://www.w3.org/2001/XMLSchema' xmlns:typens='http://www.esri.com/schemas/ArcGIS/3.1.0'&gt;&lt;WorkspaceConnectionString&gt;DATABASE=C:\Working\2024_Prov_Updates\ProvUpdtes_2024\Default.gdb&lt;/WorkspaceConnectionString&gt;&lt;WorkspaceFactory&gt;FileGDB&lt;/WorkspaceFactory&gt;&lt;Dataset&gt;PED_Test&lt;/Dataset&gt;&lt;DatasetType&gt;esriDTFeatureClass&lt;/DatasetType&gt;&lt;/CIMStandardDataConnection&gt;" &lt;operationSequence&gt;&lt;workflow&gt;&lt;AddField&gt;&lt;field_name&gt;MLA_Names&lt;/field_name&gt;&lt;field_type&gt;TEXT&lt;/field_type&gt;&lt;field_length&gt;255&lt;/field_length&gt;&lt;field_is_nullable&gt;True&lt;/field_is_nullable&gt;&lt;field_is_required&gt;False&lt;/field_is_required&gt;&lt;/AddField&gt;&lt;/workflow&gt;&lt;/operationSequence&gt;</Process><Process ToolSource="c:\program files\arcgis\pro\Resources\ArcToolbox\toolboxes\Data Management Tools.tbx\DeleteField" Date="20230913" Time="111622">DeleteField PED_Test Name_Conv "Delete Fields"</Process><Process ToolSource="c:\program files\arcgis\pro\Resources\ArcToolbox\toolboxes\Data Management Tools.tbx\DeleteField" Date="20230913" Time="111630">DeleteField PED_Test Short_Name "Delete Fields"</Process><Process ToolSource="c:\program files\arcgis\pro\Resources\ArcToolbox\toolboxes\Data Management Tools.tbx\DeleteField" Date="20230913" Time="111636">DeleteField PED_Test Orientation "Delete Fields"</Process><Process ToolSource="c:\program files\arcgis\pro\Resources\ArcToolbox\toolboxes\Data Management Tools.tbx\DeleteField" Date="20230913" Time="111652">DeleteField PED_Test Pnum "Delete Fields"</Process><Process ToolSource="c:\program files\arcgis\pro\Resources\ArcToolbox\toolboxes\Data Management Tools.tbx\UpdateSchema" Date="20230913" Time="111959">UpdateSchema "CIMDATA=&lt;CIMStandardDataConnection xsi:type='typens:CIMStandardDataConnection' xmlns:xsi='http://www.w3.org/2001/XMLSchema-instance' xmlns:xs='http://www.w3.org/2001/XMLSchema' xmlns:typens='http://www.esri.com/schemas/ArcGIS/3.1.0'&gt;&lt;WorkspaceConnectionString&gt;DATABASE=C:\Working\2024_Prov_Updates\ProvUpdtes_2024\Default.gdb&lt;/WorkspaceConnectionString&gt;&lt;WorkspaceFactory&gt;FileGDB&lt;/WorkspaceFactory&gt;&lt;Dataset&gt;PED_Test&lt;/Dataset&gt;&lt;DatasetType&gt;esriDTFeatureClass&lt;/DatasetType&gt;&lt;/CIMStandardDataConnection&gt;" &lt;operationSequence&gt;&lt;workflow&gt;&lt;AddField&gt;&lt;field_name&gt;OBJECTID_1&lt;/field_name&gt;&lt;field_type&gt;LONG&lt;/field_type&gt;&lt;field_is_nullable&gt;True&lt;/field_is_nullable&gt;&lt;field_is_required&gt;False&lt;/field_is_required&gt;&lt;/AddField&gt;&lt;/workflow&gt;&lt;/operationSequence&gt;</Process><Process ToolSource="c:\program files\arcgis\pro\Resources\ArcToolbox\toolboxes\Data Management Tools.tbx\CalculateField" Date="20230913" Time="112034">CalculateField PED_Test OBJECTID_1 !OBJECTID! "Python 3" # Text NO_ENFORCE_DOMAINS</Process><Process ToolSource="c:\program files\arcgis\pro\Resources\ArcToolbox\toolboxes\Data Management Tools.tbx\CopyMultiple" Date="20230914" Time="093447">CopyMultiple "C:\Working\2024_Prov_Updates\ProvUpdtes_2024\Default.gdb\PED_Test FeatureClass" C:\Working\Data\Prov2024_Testing.gdb PED_Test "PED_Test FeatureClass PED_Test #"</Process><Process ToolSource="c:\program files\arcgis\pro\Resources\ArcToolbox\toolboxes\Data Management Tools.tbx\UpdateSchema" Date="20230914" Time="094031">UpdateSchema "CIMDATA=&lt;CIMStandardDataConnection xsi:type='typens:CIMStandardDataConnection' xmlns:xsi='http://www.w3.org/2001/XMLSchema-instance' xmlns:xs='http://www.w3.org/2001/XMLSchema' xmlns:typens='http://www.esri.com/schemas/ArcGIS/3.1.0'&gt;&lt;WorkspaceConnectionString&gt;DATABASE=C:\Working\Data\Prov2024_Testing.gdb&lt;/WorkspaceConnectionString&gt;&lt;WorkspaceFactory&gt;FileGDB&lt;/WorkspaceFactory&gt;&lt;Dataset&gt;PED_Test&lt;/Dataset&gt;&lt;DatasetType&gt;esriDTFeatureClass&lt;/DatasetType&gt;&lt;/CIMStandardDataConnection&gt;" &lt;operationSequence&gt;&lt;workflow&gt;&lt;AlterField&gt;&lt;field_name&gt;PED_Name_E&lt;/field_name&gt;&lt;field_alias&gt;PED_Name_E&lt;/field_alias&gt;&lt;field_type&gt;TEXT&lt;/field_type&gt;&lt;field_is_nullable&gt;True&lt;/field_is_nullable&gt;&lt;clear_field_alias&gt;False&lt;/clear_field_alias&gt;&lt;/AlterField&gt;&lt;/workflow&gt;&lt;workflow&gt;&lt;AlterField&gt;&lt;field_name&gt;PED_Name_F&lt;/field_name&gt;&lt;field_alias&gt;PED_Name_F&lt;/field_alias&gt;&lt;field_type&gt;TEXT&lt;/field_type&gt;&lt;field_is_nullable&gt;True&lt;/field_is_nullable&gt;&lt;clear_field_alias&gt;False&lt;/clear_field_alias&gt;&lt;/AlterField&gt;&lt;/workflow&gt;&lt;workflow&gt;&lt;AlterField&gt;&lt;field_name&gt;PED_Names_B&lt;/field_name&gt;&lt;field_alias&gt;PED_Names_B&lt;/field_alias&gt;&lt;field_type&gt;TEXT&lt;/field_type&gt;&lt;field_is_nullable&gt;True&lt;/field_is_nullable&gt;&lt;clear_field_alias&gt;False&lt;/clear_field_alias&gt;&lt;/AlterField&gt;&lt;/workflow&gt;&lt;workflow&gt;&lt;AlterField&gt;&lt;field_name&gt;DIST_ID&lt;/field_name&gt;&lt;field_alias&gt;DIST_ID&lt;/field_alias&gt;&lt;field_is_nullable&gt;True&lt;/field_is_nullable&gt;&lt;clear_field_alias&gt;False&lt;/clear_field_alias&gt;&lt;/AlterField&gt;&lt;/workflow&gt;&lt;workflow&gt;&lt;AlterField&gt;&lt;field_name&gt;MLA_Names&lt;/field_name&gt;&lt;field_alias&gt;MLA_Names&lt;/field_alias&gt;&lt;field_type&gt;TEXT&lt;/field_type&gt;&lt;field_is_nullable&gt;True&lt;/field_is_nullable&gt;&lt;clear_field_alias&gt;False&lt;/clear_field_alias&gt;&lt;/AlterField&gt;&lt;/workflow&gt;&lt;/operationSequence&gt;</Process><Process ToolSource="c:\program files\arcgis\pro\Resources\ArcToolbox\toolboxes\Data Management Tools.tbx\UpdateSchema" Date="20230914" Time="094103">UpdateSchema "CIMDATA=&lt;CIMStandardDataConnection xsi:type='typens:CIMStandardDataConnection' xmlns:xsi='http://www.w3.org/2001/XMLSchema-instance' xmlns:xs='http://www.w3.org/2001/XMLSchema' xmlns:typens='http://www.esri.com/schemas/ArcGIS/3.1.0'&gt;&lt;WorkspaceConnectionString&gt;DATABASE=C:\Working\Data\Prov2024_Testing.gdb&lt;/WorkspaceConnectionString&gt;&lt;WorkspaceFactory&gt;FileGDB&lt;/WorkspaceFactory&gt;&lt;Dataset&gt;PED_Test&lt;/Dataset&gt;&lt;DatasetType&gt;esriDTFeatureClass&lt;/DatasetType&gt;&lt;/CIMStandardDataConnection&gt;" &lt;operationSequence&gt;&lt;workflow&gt;&lt;AlterField&gt;&lt;field_name&gt;MLA_Names&lt;/field_name&gt;&lt;field_alias&gt;MLA_Names&lt;/field_alias&gt;&lt;field_type&gt;TEXT&lt;/field_type&gt;&lt;field_is_nullable&gt;True&lt;/field_is_nullable&gt;&lt;clear_field_alias&gt;False&lt;/clear_field_alias&gt;&lt;/AlterField&gt;&lt;/workflow&gt;&lt;/operationSequence&gt;</Process><Process ToolSource="c:\program files\arcgis\pro\Resources\ArcToolbox\toolboxes\Conversion Tools.tbx\ExportFeatures" Date="20230914" Time="095417">ExportFeatures PED_Test C:\Working\Data\Prov2024_Testing.gdb\Ordered_PED_TEST # NOT_USE_ALIAS "OBJECTID_1 "OBJECTID_1" true true false 4 Long 0 0,First,#,PED_Test,OBJECTID_1,-1,-1;DIST_ID "DIST_ID" true true false 4 Long 0 0,First,#,PED_Test,DIST_ID,-1,-1;PED_Name_E "PED_Name_E" true true false 254 Text 0 0,First,#,PED_Test,PED_Name_E,0,254;PED_Name_F "PED_Name_F" true true false 254 Text 0 0,First,#,PED_Test,PED_Name_F,0,254;Shape_Leng "Shape_Leng" true true false 8 Double 0 0,First,#,PED_Test,Shape_Leng,-1,-1;MLA_Names "MLA_Names" true true false 255 Text 0 0,First,#,PED_Test,MLA_Names,0,255;PED_Names_B "PED_Names_B" true true false 254 Text 0 0,First,#,PED_Test,PED_Names_B,0,254;Shape_Length "Shape_Length" false true true 8 Double 0 0,First,#,PED_Test,Shape_Length,-1,-1;Shape_Area "Shape_Area" false true true 8 Double 0 0,First,#,PED_Test,Shape_Area,-1,-1" #</Process><Process ToolSource="c:\program files\arcgis\pro\Resources\ArcToolbox\toolboxes\Conversion Tools.tbx\ExportFeatures" Date="20230926" Time="132847">ExportFeatures Ordered_PED_TEST C:\Working\Data\Prov2024_Testing.gdb\Final_Outputs\Prov_PED_2024 # NOT_USE_ALIAS "OBJECTID_1 "OBJECTID_1" true true false 4 Long 0 0,First,#,Ordered_PED_TEST,OBJECTID_1,-1,-1;DIST_ID "DIST_ID" true true false 4 Long 0 0,First,#,Ordered_PED_TEST,DIST_ID,-1,-1;PED_Name_E "PED_Name_E" true true false 254 Text 0 0,First,#,Ordered_PED_TEST,PED_Name_E,0,254;PED_Name_F "PED_Name_F" true true false 254 Text 0 0,First,#,Ordered_PED_TEST,PED_Name_F,0,254;Shape_Leng "Shape_Leng" true true false 8 Double 0 0,First,#,Ordered_PED_TEST,Shape_Leng,-1,-1;MLA_Names "MLA_Names" true true false 255 Text 0 0,First,#,Ordered_PED_TEST,MLA_Names,0,255;PED_Names_B "PED_Names_B" true true false 254 Text 0 0,First,#,Ordered_PED_TEST,PED_Names_B,0,254;Shape_Length "Shape_Length" false true true 8 Double 0 0,First,#,Ordered_PED_TEST,Shape_Length,-1,-1;Shape_Area "Shape_Area" false true true 8 Double 0 0,First,#,Ordered_PED_TEST,Shape_Area,-1,-1" #</Process><Process ToolSource="c:\program files\arcgis\pro\Resources\ArcToolbox\toolboxes\Conversion Tools.tbx\ExportFeatures" Date="20231004" Time="092814">ExportFeatures Prov_PED_2024 C:\Working\Data\Prov_PED_2024.shp # NOT_USE_ALIAS "OBJECTID_1 "OBJECTID_1" true true false 4 Long 0 0,First,#,Prov_PED_2024,OBJECTID_1,-1,-1;DIST_ID "DIST_ID" true true false 4 Long 0 0,First,#,Prov_PED_2024,DIST_ID,-1,-1;PED_Name_E "PED_Name_E" true true false 254 Text 0 0,First,#,Prov_PED_2024,PED_Name_E,0,254;PED_Name_F "PED_Name_F" true true false 254 Text 0 0,First,#,Prov_PED_2024,PED_Name_F,0,254;Shape_Leng "Shape_Leng" true true false 8 Double 0 0,First,#,Prov_PED_2024,Shape_Leng,-1,-1;MLA_Names "MLA_Names" true true false 255 Text 0 0,First,#,Prov_PED_2024,MLA_Names,0,255;PED_Names_B "PED_Names_B" true true false 254 Text 0 0,First,#,Prov_PED_2024,PED_Names_B,0,254;Shape_Length "Shape_Length" false true true 8 Double 0 0,First,#,Prov_PED_2024,Shape_Length,-1,-1;Shape_Area "Shape_Area" false true true 8 Double 0 0,First,#,Prov_PED_2024,Shape_Area,-1,-1" #</Process><Process ToolSource="c:\program files\arcgis\pro\Resources\ArcToolbox\toolboxes\Data Management Tools.tbx\DeleteField" Date="20231004" Time="092857">DeleteField Prov_PED_2024 OBJECTID_1 "Delete Fields"</Process><Process ToolSource="c:\program files\arcgis\pro\Resources\ArcToolbox\toolboxes\Data Management Tools.tbx\DeleteField" Date="20231004" Time="092906">DeleteField Prov_PED_2024 Shape_Leng "Delete Fields"</Process><Process ToolSource="c:\program files\arcgis\pro\Resources\ArcToolbox\toolboxes\Data Management Tools.tbx\DeleteField" Date="20231004" Time="092915">DeleteField Prov_PED_2024 MLA_Names "Delete Fields"</Process><Process ToolSource="c:\program files\arcgis\pro\Resources\ArcToolbox\toolboxes\Conversion Tools.tbx\FeatureClassToFeatureClass" Date="20241105" Time="091213">FeatureClassToFeatureClass Prov_PED_2024 "C:\Working\Electoral Boundaries Commission\2022 Boundary Commission\Maps\EBC_Maps.gdb" MLA_ProvPED_J # "DIST_ID "DIST_ID" true true false 10 Long 0 10,First,#,Prov_PED_2024,Prov_PED_2024.DIST_ID,-1,-1;PED_Name_E "PED_Name_E" true true false 254 Text 0 0,First,#,Prov_PED_2024,Prov_PED_2024.PED_Name_E,0,254;PED_Name_F "PED_Name_F" true true false 254 Text 0 0,First,#,Prov_PED_2024,Prov_PED_2024.PED_Name_F,0,254;PED_Names_ "PED_Names_" true true false 254 Text 0 0,First,#,Prov_PED_2024,Prov_PED_2024.PED_Names_,0,254;Shape_Le_1 "Shape_Le_1" true true false 19 Double 0 0,First,#,Prov_PED_2024,Prov_PED_2024.Shape_Le_1,-1,-1;Shape_Area "Shape_Area" true true false 19 Double 0 0,First,#,Prov_PED_2024,Prov_PED_2024.Shape_Area,-1,-1;OBJECTID_1 "OBJECTID_1" false true false 4 Long 0 9,First,#,Prov_PED_2024,Prov2024_J_02.OBJECTID_1,-1,-1;DIST_ID "DIST_ID" true true false 4 Long 0 0,First,#,Prov_PED_2024,Prov2024_J_02.DIST_ID,-1,-1;MLA_Name "MLA_Name" true true false 255 Text 0 0,First,#,Prov_PED_2024,Prov2024_J_02.MLA_Name,0,255;Party "Party" true true false 255 Text 0 0,First,#,Prov_PED_2024,Prov2024_J_02.Party,0,255;MLA_Conc "MLA_Conc" true true false 255 Text 0 0,First,#,Prov_PED_2024,Prov2024_J_02.MLA_Conc,0,255;Shape_Length "Shape_Length" false true true 8 Double 0 0,First,#,Prov_PED_2024,Prov2024_J_02.Shape_Length,-1,-1;Shape_Area "Shape_Area" false true true 8 Double 0 0,First,#,Prov_PED_2024,Prov2024_J_02.Shape_Area,-1,-1" #</Process><Process ToolSource="c:\program files\arcgis\pro\Resources\ArcToolbox\toolboxes\Data Management Tools.tbx\DeleteField" Date="20241105" Time="091320">DeleteField MLA_ProvPED_J OBJECTID_1 "Delete Fields"</Process><Process ToolSource="c:\program files\arcgis\pro\Resources\ArcToolbox\toolboxes\Data Management Tools.tbx\DeleteField" Date="20241105" Time="091331">DeleteField MLA_ProvPED_J Shape_Area_1 "Delete Fields"</Process><Process ToolSource="c:\program files\arcgis\pro\Resources\ArcToolbox\toolboxes\Data Management Tools.tbx\DeleteField" Date="20241105" Time="091337">DeleteField MLA_ProvPED_J Shape_Le_1 "Delete Fields"</Process><Process ToolSource="c:\program files\arcgis\pro\Resources\ArcToolbox\toolboxes\Data Management Tools.tbx\DeleteField" Date="20241105" Time="091342">DeleteField MLA_ProvPED_J DIST_ID_1 "Delete Fields"</Process><Process ToolSource="c:\program files\arcgis\pro\Resources\ArcToolbox\toolboxes\Data Management Tools.tbx\DeleteField" Date="20241105" Time="092407">DeleteField MLA_ProvPED_J MLA_Name;Party "Delete Fields"</Process><Process ToolSource="c:\program files\arcgis\pro\Resources\ArcToolbox\toolboxes\Data Management Tools.tbx\UpdateSchema" Date="20241105" Time="092525">UpdateSchema "CIMDATA=&lt;CIMStandardDataConnection xsi:type='typens:CIMStandardDataConnection' xmlns:xsi='http://www.w3.org/2001/XMLSchema-instance' xmlns:xs='http://www.w3.org/2001/XMLSchema' xmlns:typens='http://www.esri.com/schemas/ArcGIS/3.1.0'&gt;&lt;WorkspaceConnectionString&gt;DATABASE=C:\Working\Electoral Boundaries Commission\2022 Boundary Commission\Maps\EBC_Maps.gdb&lt;/WorkspaceConnectionString&gt;&lt;WorkspaceFactory&gt;FileGDB&lt;/WorkspaceFactory&gt;&lt;Dataset&gt;MLA_ProvPED_J&lt;/Dataset&gt;&lt;DatasetType&gt;esriDTFeatureClass&lt;/DatasetType&gt;&lt;/CIMStandardDataConnection&gt;" &lt;operationSequence&gt;&lt;workflow&gt;&lt;AlterField&gt;&lt;field_name&gt;MLA_Conc&lt;/field_name&gt;&lt;new_field_name&gt;MLA_Name&lt;/new_field_name&gt;&lt;field_type&gt;TEXT&lt;/field_type&gt;&lt;field_is_nullable&gt;True&lt;/field_is_nullable&gt;&lt;clear_field_alias&gt;False&lt;/clear_field_alias&gt;&lt;/AlterField&gt;&lt;/workflow&gt;&lt;/operationSequence&gt;</Process><Process ToolSource="c:\program files\arcgis\pro\Resources\ArcToolbox\toolboxes\Conversion Tools.tbx\FeatureClassToFeatureClass" Date="20241105" Time="092808">FeatureClassToFeatureClass MLA_ProvPED_J C:\Users\colin.steele\Desktop\MLA\2024_Prov_PED Prov_PED_2024.shp # "DIST_ID "DIST_ID" true true false 4 Long 0 0,First,#,MLA_ProvPED_J,DIST_ID,-1,-1;PED_Name_E "PED_Name_E" true true false 254 Text 0 0,First,#,MLA_ProvPED_J,PED_Name_E,0,254;PED_Name_F "PED_Name_F" true true false 254 Text 0 0,First,#,MLA_ProvPED_J,PED_Name_F,0,254;PED_Names_ "PED_Names_" true true false 254 Text 0 0,First,#,MLA_ProvPED_J,PED_Names_,0,254;MLA_Name "MLA_Conc" true true false 255 Text 0 0,First,#,MLA_ProvPED_J,MLA_Name,0,255;Shape_Length "Shape_Length" false true true 8 Double 0 0,First,#,MLA_ProvPED_J,Shape_Length,-1,-1;Shape_Area "Shape_Area" false true true 8 Double 0 0,First,#,MLA_ProvPED_J,Shape_Area,-1,-1" #</Process></lineage></DataProperties><SyncDate>20241105</SyncDate><SyncTime>09280800</SyncTime><ModDate>20241105</ModDate><ModTime>09280800</ModTime><ArcGISFormat>1.0</ArcGISFormat></Esri><dataIdInfo><envirDesc Sync="FALSE">Esri ArcGIS 12.9.3.32739</envirDesc><dataLang><languageCode value="eng" Sync="TRUE"/><countryCode value="USA" Sync="TRUE"/></dataLang><idCitation><resTitle Sync="TRUE">Prov_PED_2024</resTitle><presForm><PresFormCd value="005" Sync="TRUE"/></presForm></idCitation><spatRpType><SpatRepTypCd value="001" Sync="TRUE"/></spatRpType></dataIdInfo><mdLang><languageCode value="eng" Sync="TRUE"/><countryCode value="USA" Sync="TRUE"/></mdLang><distInfo><distFormat><formatName Sync="TRUE">Shapefile</formatName></distFormat><distTranOps><transSize Sync="TRUE">0.000</transSize></distTranOps></distInfo><mdHrLv><ScopeCd value="005" Sync="TRUE"/></mdHrLv><mdHrLvName Sync="TRUE">dataset</mdHrLvName><refSysInfo><RefSystem><refSysID><identCode code="2953" Sync="TRUE" value="2953"/><idCodeSpace Sync="TRUE">EPSG</idCodeSpace><idVersion Sync="TRUE">6.2(9.3.0.0)</idVersion></refSysID></RefSystem></refSysInfo><spatRepInfo><VectSpatRep><geometObjs Name="Prov_PED_2024"><geoObjTyp><GeoObjTypCd value="002" Sync="TRUE"></GeoObjTypCd></geoObjTyp><geoObjCnt Sync="TRUE">0</geoObjCnt></geometObjs><topLvl><TopoLevCd value="001" Sync="TRUE"></TopoLevCd></topLvl></VectSpatRep></spatRepInfo><spdoinfo><ptvctinf><esriterm Name="Prov_PED_2024"><efeatyp Sync="TRUE">Simple</efeatyp><efeageom code="4" Sync="TRUE"></efeageom><esritopo Sync="TRUE">FALSE</esritopo><efeacnt Sync="TRUE">0</efeacnt><spindex Sync="TRUE">FALSE</spindex><linrefer Sync="TRUE">FALSE</linrefer></esriterm></ptvctinf></spdoinfo><eainfo><detailed Name="Prov_PED_2024"><enttyp><enttypl Sync="TRUE">Prov_PED_2024</enttypl><enttypt Sync="TRUE">Feature Class</enttypt><enttypc Sync="TRUE">0</enttypc></enttyp><attr><attrlabl Sync="TRUE">FID</attrlabl><attalias Sync="TRUE">FID</attalias><attrtype Sync="TRUE">OID</attrtype><attwidth Sync="TRUE">4</attwidth><atprecis Sync="TRUE">0</atprecis><attscale Sync="TRUE">0</attscale><attrdef Sync="TRUE">Internal feature number.</attrdef><attrdefs Sync="TRUE">Esri</attrdefs><attrdomv><udom Sync="TRUE">Sequential unique whole numbers that are automatically generated.</udom></attrdomv></attr><attr><attrlabl Sync="TRUE">Shape</attrlabl><attalias Sync="TRUE">Shape</attalias><attrtype Sync="TRUE">Geometry</attrtype><attwidth Sync="TRUE">0</attwidth><atprecis Sync="TRUE">0</atprecis><attscale Sync="TRUE">0</attscale><attrdef Sync="TRUE">Feature geometry.</attrdef><attrdefs Sync="TRUE">ESRI</attrdefs><attrdomv><udom Sync="TRUE">Coordinates defining the features.</udom></attrdomv></attr><attr><attrlabl Sync="TRUE">DIST_ID</attrlabl><attalias Sync="TRUE">DIST_ID</attalias><attrtype Sync="TRUE">Integer</attrtype><attwidth Sync="TRUE">10</attwidth><atprecis Sync="TRUE">10</atprecis><attscale Sync="TRUE">0</attscale></attr><attr><attrlabl Sync="TRUE">PED_Name_E</attrlabl><attalias Sync="TRUE">PED_Name_E</attalias><attrtype Sync="TRUE">String</attrtype><attwidth Sync="TRUE">254</attwidth><atprecis Sync="TRUE">0</atprecis><attscale Sync="TRUE">0</attscale></attr><attr><attrlabl Sync="TRUE">PED_Name_F</attrlabl><attalias Sync="TRUE">PED_Name_F</attalias><attrtype Sync="TRUE">String</attrtype><attwidth Sync="TRUE">254</attwidth><atprecis Sync="TRUE">0</atprecis><attscale Sync="TRUE">0</attscale></attr><attr><attrlabl Sync="TRUE">PED_Names_</attrlabl><attalias Sync="TRUE">PED_Names_</attalias><attrtype Sync="TRUE">String</attrtype><attwidth Sync="TRUE">254</attwidth><atprecis Sync="TRUE">0</atprecis><attscale Sync="TRUE">0</attscale></attr><attr><attrlabl Sync="TRUE">MLA_Name</attrlabl><attalias Sync="TRUE">MLA_Name</attalias><attrtype Sync="TRUE">String</attrtype><attwidth Sync="TRUE">254</attwidth><atprecis Sync="TRUE">0</atprecis><attscale Sync="TRUE">0</attscale></attr><attr><attrlabl Sync="TRUE">Shape_Leng</attrlabl><attalias Sync="TRUE">Shape_Leng</attalias><attrtype Sync="TRUE">Double</attrtype><attwidth Sync="TRUE">19</attwidth><atprecis Sync="TRUE">0</atprecis><attscale Sync="TRUE">0</attscale></attr><attr><attrlabl Sync="TRUE">Shape_Area</attrlabl><attalias Sync="TRUE">Shape_Area</attalias><attrtype Sync="TRUE">Double</attrtype><attwidth Sync="TRUE">19</attwidth><atprecis Sync="TRUE">0</atprecis><attscale Sync="TRUE">0</attscale><attrdef Sync="TRUE">Area of feature in internal units squared.</attrdef><attrdefs Sync="TRUE">ESRI</attrdefs><attrdomv><udom Sync="TRUE">Positive real numbers that are automatically generated.</udom></attrdomv></attr></detailed></eainfo><mdDateSt Sync="TRUE">20241105</mdDateSt><mdChar><CharSetCd value="004" Sync="TRUE"/></mdChar></metadata>
